date,contributor,city,state,amount,report,tec_report_id
2024-08-19,EMA Engineering & Consulting,Tyler,TX,20000.00,30-day before election,100971580
2024-08-19,Armko Industries,Flower Mound,TX,5000.00,30-day before election,100971580
2024-08-20,Foodservice Design Professionals,The Woodlands,TX,10000.00,30-day before election,100971580
2024-08-21,Ramsey Landscaping Architects,Frisco,TX,5000.00,30-day before election,100971580
2024-08-26,RLK Engineering,Allen,TX,10000.00,30-day before election,100971580
2024-08-28,Precision Demolition,Lewisville,TX,2000.00,30-day before election,100971580
2024-08-28,Redden Concrete,Melissa,TX,1000.00,30-day before election,100971580
2024-08-29,Acoustics and Drywall,Carrollton,TX,5000.00,30-day before election,100971580
2024-08-29,Basden Steel,Burleson,TX,5000.00,30-day before election,100971580
2024-08-29,Sizelove Construction,Euless,TX,5000.00,30-day before election,100971580
2024-09-04,One Source Commercial Flooring,Plano,TX,5000.00,30-day before election,100971580
2024-09-04,Greater Metroplex Interiors,Southlake,TX,5000.00,30-day before election,100971580
2024-09-04,Cooper Excavation,Lewisville,TX,1000.00,30-day before election,100971580
2024-09-05,One Source Building Services,Plano,TX,2500.00,30-day before election,100971580
2024-09-06,John Cook & Associates,Dallas,TX,3333.00,30-day before election,100971580
2024-09-09,Miller Sierra Contractors,Euless,TX,5000.00,30-day before election,100971580
2024-09-09,Wildstone Construction,Ft Worth,TX,1500.00,30-day before election,100971580
2024-09-09,CT Excavating,Greenville,TX,500.00,30-day before election,100971580
2024-09-11,J&E Companies,Grand Prairie,TX,5000.00,30-day before election,100971580
2024-09-11,Signature Casework,Dallas,TX,2500.00,30-day before election,100971580
2024-09-12,"Hawk Plumbing, Heating & Air Conditioning",Ft Worth,TX,3000.00,30-day before election,100971580
2024-09-13,Webb Builders Hardware,Dallas,TX,1000.00,30-day before election,100971580
2024-09-16,DMG Masonry,Arlongton,TX,5000.00,30-day before election,100971580
2024-09-16,Vaden's Acoustics & Drywall,Ft Worth,TX,2000.00,30-day before election,100971580
2024-09-20,Progressive Services,Phoenix,AZ,5000.00,30-day before election,100971580
2024-10-04,CORE Construction,Frisco,TX,5000.00,8-day before election,100974555
2024-10-04,DMG Dallas Mechanical Group,Dallas,TX,5000.00,8-day before election,100974555
2024-10-04,"Able Electric Services, Inc",Dallas,TX,2500.00,8-day before election,100974555
2024-10-16,"Lone Star Furnishings, LLC",Carrolton,TX,5000.00,8-day before election,100974555
2024-10-16,"Corgan Associates, INC",Dallas,TX,5000.00,8-day before election,100974555
2024-10-22,ParkHill PAC,Lubbock,TX,5000.00,8-day before election,100974555
2024-10-22,"Crossland Construction Company, INC",Columbus,KS,5000.00,8-day before election,100974555
2024-10-22,"Jonesco, Inc.",Carrolton,TX,2500.00,8-day before election,100974555
2024-10-22,"Garland Glass & Mirror Co., INC.",Garland,TX,1500.00,8-day before election,100974555
2024-10-22,"One Source Commercial Flooring, LLC",Plano,TX,1000.00,8-day before election,100974555
2024-10-22,"Walker Drywall, LLC  Commercial Drywall & Acoustical",Forth Worth,TX,1000.00,8-day before election,100974555
2024-10-26,McCownGordon Construction LLC,Kansas City,KS,5000.00,8-day before election,100974555
2024-10-26,Dallas Mechanical Group,Dallas,TX,5000.00,8-day before election,100974555
2024-10-26,Miller Sierra Contractors INC,Euless,TX,5000.00,8-day before election,100974555
2024-10-26,Joeris General Contractors,San Antonio,TX,5000.00,8-day before election,100974555
2024-10-26,Joeris General Contractors & RFS Sports,Kemah,TX,1500.00,8-day before election,100974555
2024-10-26,ALECSA Fire & Security INC,Dallas,TX,1000.00,8-day before election,100974555
2024-10-26,Joeris,Fort Worth,TX,1000.00,8-day before election,100974555
2024-10-26,"Alpha Consulting Engineers, INC",Plano,TX,3000.00,8-day before election,100974555
2024-10-26,3D Mechanical Plumbing INC,Kaufman,TX,2500.00,8-day before election,100974555
2024-10-26,Gentzler Electrical Services,Dallas,TX,2500.00,8-day before election,100974555
2024-10-26,"System Electric Co, INC",Plano,TX,1000.00,8-day before election,100974555
2024-10-27,"Century Mechanical Contractors, INC",Fort Worth,TX,10000.00,January 2025 semiannual,100989108
2024-10-27,"Hellas Construction, INC",Austin,TX,5000.00,January 2025 semiannual,100989108
2024-10-27,Stantec Consulting Services INC,Plano,TX,2500.00,January 2025 semiannual,100989108
2024-10-29,FC Dallas,Frisco,TX,10000.00,January 2025 semiannual,100989108
2024-11-05,Piper Weatherford Co.,Dallas,TX,10000.00,January 2025 semiannual,100989108
