Project Category,Program,Project,Project Status,Original Projected Cost (2018 Bond Program),Revised Capital Plan (as of Jan 2026),Total Spent + Encumbered (as of May 2026),Project Balance Remaining
Academics,2018 Bond,CTE Annex,Complete,21000000,25049683,25049683,--
Academics,2018 Bond,Technology Refresh,Complete,71500000,71526815,71526815,--
Academics,2024 Bridge,Technology Refresh,In Progress,--,26000000,7376749,18623251
Athletics,2018 Bond,Athletic Office Renovation,Complete,600000,--,,--
Athletics,2024 Bridge,Athletics equipment,In Progress,--,15000000,846638,14153362
Athletics,2018 Bond,Baseball/Softball Fields,Complete,6000000,7362220,7362220,--
Athletics,2018 Bond,Swim Practice Facility,Complete,22000000,26246760,26246759,1
Fine Arts,2024 Bridge,Fine Arts equipment,In Progress,--,7000000,2015196,4984804
Fine Arts,2018 Bond,Marching Fields,Complete,6000000,5822185,5822185,--
Fine Arts,2018 Bond,VPAC,In Progress,43000000,64907790,62892774,2015016
New Buildings,2018 Bond,Elementary School #45,On Hold,28000000,--,2250,-2250
New Buildings,2018 Bond,Land,Complete,22000000,13254035,13254034,1
New Buildings,2018 Bond,Panther Creek High School,Complete,122500000,130179930,130179931,-1
New Buildings,2018 Bond,Wilkinson Middle School,Complete,43000000,57167950,57167951,-1
New Buildings,2018 Bond,Wortham Intermediate School,Complete,45000000,51800115,51800117,-2
Renovations,2018 Bond,25-Year Refresh,Complete,21000000,21770775,21770766,9
Renovations,2018 Bond,25-Year Refresh - Staley MS,On Hold,8000000,20000000,,20000000
Renovations,2018 Bond,"Furniture, Fixtures & Equipment",In Progress,38000000,41600000,41104590,495410
Renovations,2018 Bond,LED Lighting Retrofit,In Progress,20000000,12900000,7795985,5104015
Renovations,2018 Bond,Playground Resurfacing,Complete,4000000,5021865,5021865,--
Repair & Maintenance,2018 Bond,General Maintenance**,In Progress,103938000,82861580,82517333,344247
Repair & Maintenance,2024 Bridge,General Repair & Maintenance,In Progress,--,10000000,6974205,3025795
Repair & Maintenance,2024 Bridge,Landscaping,In Progress,--,5000000,752500,4247500
Repair & Maintenance,2018 Bond,Maintenance vehicles,In Progress,1022000,1022000,424953,597047
Repair & Maintenance,2024 Bridge,Mechanical systems,In Progress,--,12000000,5499957,6500043
Repair & Maintenance,2018 Bond,PA Systems,In Progress,5040000,5040000,3083150,1956850
Security,2018 Bond,Building Security Upgrades,In Progress,4300000,7000000,3762787,3237213
Security,2018 Bond,Security Cameras,Complete,8300000,9594970,9594971,-1
Security,2024 Bridge,Security Cameras,In Progress,--,10000000,3689636,6310364
Transportation,2018 Bond,Barrow Facility Renovation,Complete,1600000,--,,--
Transportation,2018 Bond,Bus Technology,Complete,3000000,1522225,1522224,1
Transportation,2024 Bridge,Bus Wash & Fuel Pumps,On Hold,--,1000000,,1000000
Transportation,2018 Bond,Buses & Vehicles,In Progress,23000000,15000000,11207734,3792266
Transportation,2024 Bridge,Buses & Vehicles,In Progress,--,7000000,4448055,2551945
Transportation,2018 Bond,New Transportation Facility,On Hold,19200000,--,,--
TOTAL,,,,691000000,769650898,670714013,98936885
,,Amount over original bond program,,,78650898,,
,,Bridge amounts (no voter-approved bond funds),,,93000000,31602936,61397064
,,Completed projects,,397500000,426319528,426319521,0
,,In progress (2018 projects),,238300000,230331370,212789306,17542064
,,On hold (2018 projects),,55200000,20000000,2250,19997750
"*Following the failure of the 2024 bond program, the 2024 bridge plan uses remaining funds from completed or paused 2018 bond projects, along with available TIRZ revenue, to fund high-priority capital projects."
"**General Maintenance includes paint, carpet, mechanical systems, athletic resurfacing, and other as-needed building maintenance."
Sourced from Frisco ISD FY 2027 Official Budget Book, page 98.
